--
-- PostgreSQL database dump
--

-- Dumped from database version 15.13 (Debian 15.13-1.pgdg120+1)
-- Dumped by pg_dump version 15.13 (Debian 15.13-1.pgdg120+1)

SET statement_timeout = 0;
SET lock_timeout = 0;
SET idle_in_transaction_session_timeout = 0;
SET client_encoding = 'UTF8';
SET standard_conforming_strings = on;
SELECT pg_catalog.set_config('search_path', '', false);
SET check_function_bodies = false;
SET xmloption = content;
SET client_min_messages = warning;
SET row_security = off;

SET default_tablespace = '';

SET default_table_access_method = heap;

--
-- Name: auth_group; Type: TABLE; Schema: public; Owner: admin
--

CREATE TABLE public.auth_group (
    id integer NOT NULL,
    name character varying(150) NOT NULL
);


ALTER TABLE public.auth_group OWNER TO admin;

--
-- Name: auth_group_id_seq; Type: SEQUENCE; Schema: public; Owner: admin
--

ALTER TABLE public.auth_group ALTER COLUMN id ADD GENERATED BY DEFAULT AS IDENTITY (
    SEQUENCE NAME public.auth_group_id_seq
    START WITH 1
    INCREMENT BY 1
    NO MINVALUE
    NO MAXVALUE
    CACHE 1
);


--
-- Name: auth_group_permissions; Type: TABLE; Schema: public; Owner: admin
--

CREATE TABLE public.auth_group_permissions (
    id bigint NOT NULL,
    group_id integer NOT NULL,
    permission_id integer NOT NULL
);


ALTER TABLE public.auth_group_permissions OWNER TO admin;

--
-- Name: auth_group_permissions_id_seq; Type: SEQUENCE; Schema: public; Owner: admin
--

ALTER TABLE public.auth_group_permissions ALTER COLUMN id ADD GENERATED BY DEFAULT AS IDENTITY (
    SEQUENCE NAME public.auth_group_permissions_id_seq
    START WITH 1
    INCREMENT BY 1
    NO MINVALUE
    NO MAXVALUE
    CACHE 1
);


--
-- Name: auth_permission; Type: TABLE; Schema: public; Owner: admin
--

CREATE TABLE public.auth_permission (
    id integer NOT NULL,
    name character varying(255) NOT NULL,
    content_type_id integer NOT NULL,
    codename character varying(100) NOT NULL
);


ALTER TABLE public.auth_permission OWNER TO admin;

--
-- Name: auth_permission_id_seq; Type: SEQUENCE; Schema: public; Owner: admin
--

ALTER TABLE public.auth_permission ALTER COLUMN id ADD GENERATED BY DEFAULT AS IDENTITY (
    SEQUENCE NAME public.auth_permission_id_seq
    START WITH 1
    INCREMENT BY 1
    NO MINVALUE
    NO MAXVALUE
    CACHE 1
);


--
-- Name: auth_user; Type: TABLE; Schema: public; Owner: admin
--

CREATE TABLE public.auth_user (
    id integer NOT NULL,
    password character varying(128) NOT NULL,
    last_login timestamp with time zone,
    is_superuser boolean NOT NULL,
    username character varying(150) NOT NULL,
    first_name character varying(150) NOT NULL,
    last_name character varying(150) NOT NULL,
    email character varying(254) NOT NULL,
    is_staff boolean NOT NULL,
    is_active boolean NOT NULL,
    date_joined timestamp with time zone NOT NULL
);


ALTER TABLE public.auth_user OWNER TO admin;

--
-- Name: auth_user_groups; Type: TABLE; Schema: public; Owner: admin
--

CREATE TABLE public.auth_user_groups (
    id bigint NOT NULL,
    user_id integer NOT NULL,
    group_id integer NOT NULL
);


ALTER TABLE public.auth_user_groups OWNER TO admin;

--
-- Name: auth_user_groups_id_seq; Type: SEQUENCE; Schema: public; Owner: admin
--

ALTER TABLE public.auth_user_groups ALTER COLUMN id ADD GENERATED BY DEFAULT AS IDENTITY (
    SEQUENCE NAME public.auth_user_groups_id_seq
    START WITH 1
    INCREMENT BY 1
    NO MINVALUE
    NO MAXVALUE
    CACHE 1
);


--
-- Name: auth_user_id_seq; Type: SEQUENCE; Schema: public; Owner: admin
--

ALTER TABLE public.auth_user ALTER COLUMN id ADD GENERATED BY DEFAULT AS IDENTITY (
    SEQUENCE NAME public.auth_user_id_seq
    START WITH 1
    INCREMENT BY 1
    NO MINVALUE
    NO MAXVALUE
    CACHE 1
);


--
-- Name: auth_user_user_permissions; Type: TABLE; Schema: public; Owner: admin
--

CREATE TABLE public.auth_user_user_permissions (
    id bigint NOT NULL,
    user_id integer NOT NULL,
    permission_id integer NOT NULL
);


ALTER TABLE public.auth_user_user_permissions OWNER TO admin;

--
-- Name: auth_user_user_permissions_id_seq; Type: SEQUENCE; Schema: public; Owner: admin
--

ALTER TABLE public.auth_user_user_permissions ALTER COLUMN id ADD GENERATED BY DEFAULT AS IDENTITY (
    SEQUENCE NAME public.auth_user_user_permissions_id_seq
    START WITH 1
    INCREMENT BY 1
    NO MINVALUE
    NO MAXVALUE
    CACHE 1
);


--
-- Name: authtoken_token; Type: TABLE; Schema: public; Owner: admin
--

CREATE TABLE public.authtoken_token (
    key character varying(40) NOT NULL,
    created timestamp with time zone NOT NULL,
    user_id integer NOT NULL
);


ALTER TABLE public.authtoken_token OWNER TO admin;

--
-- Name: collection_collection; Type: TABLE; Schema: public; Owner: admin
--

CREATE TABLE public.collection_collection (
    id bigint NOT NULL,
    name character varying(256) NOT NULL,
    description text NOT NULL,
    created_at timestamp with time zone NOT NULL,
    updated_at timestamp with time zone NOT NULL
);


ALTER TABLE public.collection_collection OWNER TO admin;

--
-- Name: collection_collection_id_seq; Type: SEQUENCE; Schema: public; Owner: admin
--

ALTER TABLE public.collection_collection ALTER COLUMN id ADD GENERATED BY DEFAULT AS IDENTITY (
    SEQUENCE NAME public.collection_collection_id_seq
    START WITH 1
    INCREMENT BY 1
    NO MINVALUE
    NO MAXVALUE
    CACHE 1
);


--
-- Name: collection_collection_links; Type: TABLE; Schema: public; Owner: admin
--

CREATE TABLE public.collection_collection_links (
    id bigint NOT NULL,
    collection_id bigint NOT NULL,
    link_id bigint NOT NULL
);


ALTER TABLE public.collection_collection_links OWNER TO admin;

--
-- Name: collection_collection_links_id_seq; Type: SEQUENCE; Schema: public; Owner: admin
--

ALTER TABLE public.collection_collection_links ALTER COLUMN id ADD GENERATED BY DEFAULT AS IDENTITY (
    SEQUENCE NAME public.collection_collection_links_id_seq
    START WITH 1
    INCREMENT BY 1
    NO MINVALUE
    NO MAXVALUE
    CACHE 1
);


--
-- Name: collection_link; Type: TABLE; Schema: public; Owner: admin
--

CREATE TABLE public.collection_link (
    id bigint NOT NULL,
    url character varying(256) NOT NULL,
    title character varying(256) NOT NULL,
    description text NOT NULL
);


ALTER TABLE public.collection_link OWNER TO admin;

--
-- Name: collection_link_id_seq; Type: SEQUENCE; Schema: public; Owner: admin
--

ALTER TABLE public.collection_link ALTER COLUMN id ADD GENERATED BY DEFAULT AS IDENTITY (
    SEQUENCE NAME public.collection_link_id_seq
    START WITH 1
    INCREMENT BY 1
    NO MINVALUE
    NO MAXVALUE
    CACHE 1
);


--
-- Name: debug_toolbar_historyentry; Type: TABLE; Schema: public; Owner: admin
--

CREATE TABLE public.debug_toolbar_historyentry (
    request_id uuid NOT NULL,
    data jsonb NOT NULL,
    created_at timestamp with time zone NOT NULL
);


ALTER TABLE public.debug_toolbar_historyentry OWNER TO admin;

--
-- Name: django_admin_log; Type: TABLE; Schema: public; Owner: admin
--

CREATE TABLE public.django_admin_log (
    id integer NOT NULL,
    action_time timestamp with time zone NOT NULL,
    object_id text,
    object_repr character varying(200) NOT NULL,
    action_flag smallint NOT NULL,
    change_message text NOT NULL,
    content_type_id integer,
    user_id integer NOT NULL,
    CONSTRAINT django_admin_log_action_flag_check CHECK ((action_flag >= 0))
);


ALTER TABLE public.django_admin_log OWNER TO admin;

--
-- Name: django_admin_log_id_seq; Type: SEQUENCE; Schema: public; Owner: admin
--

ALTER TABLE public.django_admin_log ALTER COLUMN id ADD GENERATED BY DEFAULT AS IDENTITY (
    SEQUENCE NAME public.django_admin_log_id_seq
    START WITH 1
    INCREMENT BY 1
    NO MINVALUE
    NO MAXVALUE
    CACHE 1
);


--
-- Name: django_content_type; Type: TABLE; Schema: public; Owner: admin
--

CREATE TABLE public.django_content_type (
    id integer NOT NULL,
    app_label character varying(100) NOT NULL,
    model character varying(100) NOT NULL
);


ALTER TABLE public.django_content_type OWNER TO admin;

--
-- Name: django_content_type_id_seq; Type: SEQUENCE; Schema: public; Owner: admin
--

ALTER TABLE public.django_content_type ALTER COLUMN id ADD GENERATED BY DEFAULT AS IDENTITY (
    SEQUENCE NAME public.django_content_type_id_seq
    START WITH 1
    INCREMENT BY 1
    NO MINVALUE
    NO MAXVALUE
    CACHE 1
);


--
-- Name: django_migrations; Type: TABLE; Schema: public; Owner: admin
--

CREATE TABLE public.django_migrations (
    id bigint NOT NULL,
    app character varying(255) NOT NULL,
    name character varying(255) NOT NULL,
    applied timestamp with time zone NOT NULL
);


ALTER TABLE public.django_migrations OWNER TO admin;

--
-- Name: django_migrations_id_seq; Type: SEQUENCE; Schema: public; Owner: admin
--

ALTER TABLE public.django_migrations ALTER COLUMN id ADD GENERATED BY DEFAULT AS IDENTITY (
    SEQUENCE NAME public.django_migrations_id_seq
    START WITH 1
    INCREMENT BY 1
    NO MINVALUE
    NO MAXVALUE
    CACHE 1
);


--
-- Name: django_session; Type: TABLE; Schema: public; Owner: admin
--

CREATE TABLE public.django_session (
    session_key character varying(40) NOT NULL,
    session_data text NOT NULL,
    expire_date timestamp with time zone NOT NULL
);


ALTER TABLE public.django_session OWNER TO admin;

--
-- Name: token_blacklist_blacklistedtoken; Type: TABLE; Schema: public; Owner: admin
--

CREATE TABLE public.token_blacklist_blacklistedtoken (
    id bigint NOT NULL,
    blacklisted_at timestamp with time zone NOT NULL,
    token_id bigint NOT NULL
);


ALTER TABLE public.token_blacklist_blacklistedtoken OWNER TO admin;

--
-- Name: token_blacklist_blacklistedtoken_id_seq; Type: SEQUENCE; Schema: public; Owner: admin
--

ALTER TABLE public.token_blacklist_blacklistedtoken ALTER COLUMN id ADD GENERATED BY DEFAULT AS IDENTITY (
    SEQUENCE NAME public.token_blacklist_blacklistedtoken_id_seq
    START WITH 1
    INCREMENT BY 1
    NO MINVALUE
    NO MAXVALUE
    CACHE 1
);


--
-- Name: token_blacklist_outstandingtoken; Type: TABLE; Schema: public; Owner: admin
--

CREATE TABLE public.token_blacklist_outstandingtoken (
    id bigint NOT NULL,
    token text NOT NULL,
    created_at timestamp with time zone,
    expires_at timestamp with time zone NOT NULL,
    user_id integer,
    jti character varying(255) NOT NULL
);


ALTER TABLE public.token_blacklist_outstandingtoken OWNER TO admin;

--
-- Name: token_blacklist_outstandingtoken_id_seq; Type: SEQUENCE; Schema: public; Owner: admin
--

ALTER TABLE public.token_blacklist_outstandingtoken ALTER COLUMN id ADD GENERATED BY DEFAULT AS IDENTITY (
    SEQUENCE NAME public.token_blacklist_outstandingtoken_id_seq
    START WITH 1
    INCREMENT BY 1
    NO MINVALUE
    NO MAXVALUE
    CACHE 1
);


--
-- Data for Name: auth_group; Type: TABLE DATA; Schema: public; Owner: admin
--

COPY public.auth_group (id, name) FROM stdin;
\.


--
-- Data for Name: auth_group_permissions; Type: TABLE DATA; Schema: public; Owner: admin
--

COPY public.auth_group_permissions (id, group_id, permission_id) FROM stdin;
\.


--
-- Data for Name: auth_permission; Type: TABLE DATA; Schema: public; Owner: admin
--

COPY public.auth_permission (id, name, content_type_id, codename) FROM stdin;
1	Can add log entry	1	add_logentry
2	Can change log entry	1	change_logentry
3	Can delete log entry	1	delete_logentry
4	Can view log entry	1	view_logentry
5	Can add permission	2	add_permission
6	Can change permission	2	change_permission
7	Can delete permission	2	delete_permission
8	Can view permission	2	view_permission
9	Can add group	3	add_group
10	Can change group	3	change_group
11	Can delete group	3	delete_group
12	Can view group	3	view_group
13	Can add user	4	add_user
14	Can change user	4	change_user
15	Can delete user	4	delete_user
16	Can view user	4	view_user
17	Can add content type	5	add_contenttype
18	Can change content type	5	change_contenttype
19	Can delete content type	5	delete_contenttype
20	Can view content type	5	view_contenttype
21	Can add session	6	add_session
22	Can change session	6	change_session
23	Can delete session	6	delete_session
24	Can view session	6	view_session
25	Can add link	7	add_link
26	Can change link	7	change_link
27	Can delete link	7	delete_link
28	Can view link	7	view_link
29	Can add collection	8	add_collection
30	Can change collection	8	change_collection
31	Can delete collection	8	delete_collection
32	Can view collection	8	view_collection
33	Can add history entry	9	add_historyentry
34	Can change history entry	9	change_historyentry
35	Can delete history entry	9	delete_historyentry
36	Can view history entry	9	view_historyentry
37	Can add Token	10	add_token
38	Can change Token	10	change_token
39	Can delete Token	10	delete_token
40	Can view Token	10	view_token
41	Can add Token	11	add_tokenproxy
42	Can change Token	11	change_tokenproxy
43	Can delete Token	11	delete_tokenproxy
44	Can view Token	11	view_tokenproxy
45	Can add Blacklisted Token	12	add_blacklistedtoken
46	Can change Blacklisted Token	12	change_blacklistedtoken
47	Can delete Blacklisted Token	12	delete_blacklistedtoken
48	Can view Blacklisted Token	12	view_blacklistedtoken
49	Can add Outstanding Token	13	add_outstandingtoken
50	Can change Outstanding Token	13	change_outstandingtoken
51	Can delete Outstanding Token	13	delete_outstandingtoken
52	Can view Outstanding Token	13	view_outstandingtoken
\.


--
-- Data for Name: auth_user; Type: TABLE DATA; Schema: public; Owner: admin
--

COPY public.auth_user (id, password, last_login, is_superuser, username, first_name, last_name, email, is_staff, is_active, date_joined) FROM stdin;
1	pbkdf2_sha256$1000000$DguljIQnel29yXcPf205XW$9j1X84kB00qzwXKT1ngBwqVdfsQ/iG7wLxjqjaXdNac=	2025-08-11 08:54:57.067881+00	t	admin			harshitheroh5@gmail.com	t	t	2025-08-08 07:57:21.377522+00
\.


--
-- Data for Name: auth_user_groups; Type: TABLE DATA; Schema: public; Owner: admin
--

COPY public.auth_user_groups (id, user_id, group_id) FROM stdin;
\.


--
-- Data for Name: auth_user_user_permissions; Type: TABLE DATA; Schema: public; Owner: admin
--

COPY public.auth_user_user_permissions (id, user_id, permission_id) FROM stdin;
\.


--
-- Data for Name: authtoken_token; Type: TABLE DATA; Schema: public; Owner: admin
--

COPY public.authtoken_token (key, created, user_id) FROM stdin;
\.


--
-- Data for Name: collection_collection; Type: TABLE DATA; Schema: public; Owner: admin
--

COPY public.collection_collection (id, name, description, created_at, updated_at) FROM stdin;
2	Movie Sites	This stores Movies, TV Shows and all the pirated web-series.	2025-08-08 08:10:12.93043+00	2025-08-08 08:12:05.260507+00
1	Anime Sites	This collection stores the list of anime websites, anime movies, and all the stuff related to anime.	2025-08-08 08:07:17.651234+00	2025-08-08 08:12:08.467929+00
4	DSA	This collection  contains all the youtube tutorials, courses and links related to DSA.\r\nDSA placement ke sath bhi, placement ke baad bhi 🥲	2025-08-11 23:20:20.173877+00	2025-08-11 23:20:20.173887+00
5	Backend	This collection contains all the resources related to the backend development. Koi full stack nahi hota!	2025-08-11 23:26:02.99228+00	2025-08-11 23:26:02.992292+00
6	Frontend	This collection will have all the contect related to frontend.	2025-08-11 23:28:39.578843+00	2025-08-11 23:28:39.57885+00
7	Open source & Dev Community	This collection have all the cool open source stuff and the dev community to learn from and stay up to date with.	2025-08-11 23:33:53.91918+00	2025-08-11 23:33:53.919189+00
3	Jobs	This collection contains the links of applied and yet to applied jobs, portals and tracking of applications	2025-08-11 09:00:20.837901+00	2025-08-13 16:54:10.523713+00
9	Social Media	This collection will contain all the social media links.	2025-08-12 07:11:39.613054+00	2025-08-13 17:16:46.854+00
10	Dev Tools	This collection will have all the developer tools	2025-08-13 10:00:12.166357+00	2025-08-14 04:30:21.665923+00
8	Dimensionless Workbench	This collection have all the links that will be required to be used during work.	2025-08-11 23:37:26.920633+00	2025-08-14 06:12:57.246389+00
11	Major Project	This collection have all the stuff related to the major project	2025-08-13 17:06:46.634521+00	2025-08-14 07:49:33.025275+00
\.


--
-- Data for Name: collection_collection_links; Type: TABLE DATA; Schema: public; Owner: admin
--

COPY public.collection_collection_links (id, collection_id, link_id) FROM stdin;
1	1	1
2	1	2
4	2	3
5	3	4
6	4	5
7	5	6
8	6	7
9	7	8
12	9	11
13	8	12
14	8	9
15	8	10
16	8	13
17	10	14
18	3	15
19	3	16
20	3	17
21	11	18
22	9	8
23	9	19
24	8	20
25	10	21
26	8	22
27	11	23
\.


--
-- Data for Name: collection_link; Type: TABLE DATA; Schema: public; Owner: admin
--

COPY public.collection_link (id, url, title, description) FROM stdin;
1	https://hianime.to/	HiAnime	The best pirated website for anime lovers.
2	https://hianime.to/violet-evergarden-the-movie-2020-159?ref=search	Violet Evergarden	Telephones will soon become more relevant, leading to a decline in demand for "Auto Memory Dolls."
3	https://attackertv.so/	Attacker TV	Best up to dated content related every movies web series.
4	https://nextstep.tcsapps.com/indiacampus/#/login	TCS NextStep	Applied to nextstep application status still pending.
5	https://leetcode.com/problems/merge-sorted-array/description/?envType=study-plan-v2&envId=top-interview-150	Leetcode 150 top qestions	covers all the topics and the questions are good to be solved.
6	https://www.udemy.com/home/my-courses/learning/	udemy django course	This is the course that contains the basics of django, django restframe work
7	https://ui.shadcn.com/docs/installation	shadcn Installation	This is official documentation of the shadcn to install it into your project as per the need.
8	https://medium.com/	medium	Good place to read various tech related stuffs.
9	https://docs.google.com/spreadsheets/d/1zgu6Lt_BC4FVPiQF3Lorth9O4A5cpxJlV-eJ4ly4OZM/edit?gid=0#gid=0	Task Sheet by Ravi sir	This contains the task to be done and by whom.
10	https://docs.google.com/spreadsheets/d/1Zi9KSDHRIiYmcFeo6eKZEFFxbsTM6B7gbr5YxxlCyYQ/edit?gid=1273010651#gid=1273010651	Task Sheet personal	This is my personal task sheet to check my progress in the office tasks.
11	https://github.com/	github	The link to github
12	https://docs.google.com/document/d/1oycILuGde8mzNQ15TLfi9n585WKEDeDC7XIzO4-HSBc/edit?tab=t.b05t317857om#heading=h.lav09kumo483	Dimensionless reference doc	This doc is for the future reference and the learning from the work.
13	https://app.slack.com/client/T4NL9FDC3/D08UZ116L9Y?selected_team_id=T4NL9FDC3	Dimensionless Slack	This is the slack channel
14	https://www.prisma.io/	Prisma	Prisma is a modern TypeScript ORM for Node.js that simplifies database access with an auto-generated and type-safe query API. It supports PostgreSQL, MySQL, SQLite, SQL Server, MongoDB, and more. Prisma uses a declarative schema file to define your database models, and automatically generates TypeScript types for queries, ensuring compile-time safety and reducing runtime errors. Ideal for building scalable backends with clear, maintainable database logic.
15	https://codevita.tcsapps.com/	TCS CodeVita	A competitive coding exam taken by tcs.
16	https://barclays.wd3.myworkdayjobs.com/en-US/External_Career_Site_Barclays/userHome	Barclays	A good company with a good package.
17	https://browserstack.wd3.myworkdayjobs.com/en-US/External/userHome	Browser Stack	A good company with high package
18	https://drive.google.com/drive/folders/145zRlvYAn9WM-t575SnKhOebhyNKhzfe?usp=sharing	Drive link	This drive contains all the material related to the major project
19	https://www.linkedin.com/in/harshitkandpal7/	LinkedIn	My linkedIn account
20	http://localhost:5050	pg_admin	pg admin to fast access the databases from local to production
21	https://monkeytype.com/	Monkey Type	Keeps your typing speed up.
22	https://aushadhai-jb-pharma.dimensionless.in/	JB Prod	Production link JB
23	https://github.com/Pinlong-Zhao/Data-Poisoning	data poisoning learn more	To support further exploration, an up- to-date repository of resources on data poisoning in deep learning  is available
\.


--
-- Data for Name: debug_toolbar_historyentry; Type: TABLE DATA; Schema: public; Owner: admin
--

COPY public.debug_toolbar_historyentry (request_id, data, created_at) FROM stdin;
\.


--
-- Data for Name: django_admin_log; Type: TABLE DATA; Schema: public; Owner: admin
--

COPY public.django_admin_log (id, action_time, object_id, object_repr, action_flag, change_message, content_type_id, user_id) FROM stdin;
1	2025-08-08 08:03:10.883731+00	1	HiAnime	1	[{"added": {}}]	7	1
2	2025-08-08 08:07:12.640983+00	2	Violet Evergarden	1	[{"added": {}}]	7	1
3	2025-08-08 08:07:17.65387+00	1	Anime-sites	1	[{"added": {}}]	8	1
4	2025-08-08 08:08:06.726682+00	1	Anime Sites	2	[{"changed": {"fields": ["Name"]}}]	8	1
5	2025-08-08 08:10:12.932309+00	2	Movie Sites	1	[{"added": {}}]	8	1
6	2025-08-08 08:11:53.161493+00	3	Attacker TV	1	[{"added": {}}]	7	1
7	2025-08-08 08:12:02.269125+00	2	Movie Sites	2	[{"changed": {"fields": ["Links"]}}]	8	1
8	2025-08-08 08:12:05.261625+00	2	Movie Sites	2	[]	8	1
9	2025-08-08 08:12:08.46903+00	1	Anime Sites	2	[]	8	1
10	2025-08-11 09:00:14.988601+00	4	TCS NextStep	1	[{"added": {}}]	7	1
11	2025-08-11 09:00:20.841649+00	3	Jobs	1	[{"added": {}}]	8	1
12	2025-08-11 23:20:17.299302+00	5	Leetcode 150 top qestions	1	[{"added": {}}]	7	1
13	2025-08-11 23:20:20.17644+00	4	DSA	1	[{"added": {}}]	8	1
14	2025-08-11 23:25:58.635351+00	6	udemy django course	1	[{"added": {}}]	7	1
15	2025-08-11 23:26:02.9951+00	5	Backend	1	[{"added": {}}]	8	1
16	2025-08-11 23:28:37.435719+00	7	shadcn Installation	1	[{"added": {}}]	7	1
17	2025-08-11 23:28:39.581205+00	6	Frontend	1	[{"added": {}}]	8	1
18	2025-08-11 23:33:50.948955+00	8	medium	1	[{"added": {}}]	7	1
19	2025-08-11 23:33:53.921841+00	7	Open source & Dev Community	1	[{"added": {}}]	8	1
20	2025-08-11 23:36:11.748359+00	9	Task Sheet by Ravi sir	1	[{"added": {}}]	7	1
21	2025-08-11 23:37:18.15674+00	10	Task Sheet personal	1	[{"added": {}}]	7	1
22	2025-08-11 23:37:26.923008+00	8	Dimensionless Workbench	1	[{"added": {}}]	8	1
\.


--
-- Data for Name: django_content_type; Type: TABLE DATA; Schema: public; Owner: admin
--

COPY public.django_content_type (id, app_label, model) FROM stdin;
1	admin	logentry
2	auth	permission
3	auth	group
4	auth	user
5	contenttypes	contenttype
6	sessions	session
7	collection	link
8	collection	collection
9	debug_toolbar	historyentry
10	authtoken	token
11	authtoken	tokenproxy
12	token_blacklist	blacklistedtoken
13	token_blacklist	outstandingtoken
\.


--
-- Data for Name: django_migrations; Type: TABLE DATA; Schema: public; Owner: admin
--

COPY public.django_migrations (id, app, name, applied) FROM stdin;
1	contenttypes	0001_initial	2025-08-08 07:55:57.395231+00
2	auth	0001_initial	2025-08-08 07:55:57.497566+00
3	admin	0001_initial	2025-08-08 07:55:57.528426+00
4	admin	0002_logentry_remove_auto_add	2025-08-08 07:55:57.536736+00
5	admin	0003_logentry_add_action_flag_choices	2025-08-08 07:55:57.557284+00
6	contenttypes	0002_remove_content_type_name	2025-08-08 07:55:57.567897+00
7	auth	0002_alter_permission_name_max_length	2025-08-08 07:55:57.575007+00
8	auth	0003_alter_user_email_max_length	2025-08-08 07:55:57.581967+00
9	auth	0004_alter_user_username_opts	2025-08-08 07:55:57.588389+00
10	auth	0005_alter_user_last_login_null	2025-08-08 07:55:57.595323+00
11	auth	0006_require_contenttypes_0002	2025-08-08 07:55:57.599138+00
12	auth	0007_alter_validators_add_error_messages	2025-08-08 07:55:57.606897+00
13	auth	0008_alter_user_username_max_length	2025-08-08 07:55:57.622191+00
14	auth	0009_alter_user_last_name_max_length	2025-08-08 07:55:57.629866+00
15	auth	0010_alter_group_name_max_length	2025-08-08 07:55:57.637983+00
16	auth	0011_update_proxy_permissions	2025-08-08 07:55:57.644665+00
17	auth	0012_alter_user_first_name_max_length	2025-08-08 07:55:57.652112+00
18	collection	0001_initial	2025-08-08 07:55:57.70003+00
19	sessions	0001_initial	2025-08-08 07:55:57.726436+00
20	authtoken	0001_initial	2025-08-11 04:30:38.0809+00
21	authtoken	0002_auto_20160226_1747	2025-08-11 04:30:38.097482+00
22	authtoken	0003_tokenproxy	2025-08-11 04:30:38.100634+00
23	authtoken	0004_alter_tokenproxy_options	2025-08-11 04:30:38.104679+00
24	debug_toolbar	0001_initial	2025-08-11 04:30:38.11445+00
25	token_blacklist	0001_initial	2025-08-11 04:30:38.150365+00
26	token_blacklist	0002_outstandingtoken_jti_hex	2025-08-11 04:30:38.156811+00
27	token_blacklist	0003_auto_20171017_2007	2025-08-11 04:30:38.165096+00
28	token_blacklist	0004_auto_20171017_2013	2025-08-11 04:30:38.179268+00
29	token_blacklist	0005_remove_outstandingtoken_jti	2025-08-11 04:30:38.188131+00
30	token_blacklist	0006_auto_20171017_2113	2025-08-11 04:30:38.19571+00
31	token_blacklist	0007_auto_20171017_2214	2025-08-11 04:30:38.217657+00
32	token_blacklist	0008_migrate_to_bigautofield	2025-08-11 04:30:38.262501+00
33	token_blacklist	0010_fix_migrate_to_bigautofield	2025-08-11 04:30:38.274094+00
34	token_blacklist	0011_linearizes_history	2025-08-11 04:30:38.276699+00
35	token_blacklist	0012_alter_outstandingtoken_user	2025-08-11 04:30:38.28295+00
36	token_blacklist	0013_alter_blacklistedtoken_options_and_more	2025-08-11 04:30:38.290103+00
37	collection	0002_alter_collection_name_alter_link_url	2025-08-11 23:47:43.756495+00
\.


--
-- Data for Name: django_session; Type: TABLE DATA; Schema: public; Owner: admin
--

COPY public.django_session (session_key, session_data, expire_date) FROM stdin;
sbgx265piwadf5ik1z556s7iiwpznv8h	.eJxVjEEOwiAQRe_C2pCBQgCX7j0DGYZBqgaS0q6Md9cmXej2v_f-S0Tc1hq3wUucszgLJU6_W0J6cNtBvmO7dUm9rcuc5K7Igw557Zmfl8P9O6g46rcOVrPVmBOjZg9YACgT2IITJGCjPIIpDpLzaPzkKCAZZe1kQgmBtHh_APdEN-8:1ukHzQ:65m-xHAMICfIUJNRZsW3Kk1i9jSsS6IbUULlJ3iME9k	2025-08-22 07:58:12.591987+00
gnpvqoe0ag0dw02xdjw0wodi5kzsnc2u	.eJxVjEEOwiAQRe_C2pCBQgCX7j0DGYZBqgaS0q6Md9cmXej2v_f-S0Tc1hq3wUucszgLJU6_W0J6cNtBvmO7dUm9rcuc5K7Igw557Zmfl8P9O6g46rcOVrPVmBOjZg9YACgT2IITJGCjPIIpDpLzaPzkKCAZZe1kQgmBtHh_APdEN-8:1ulOIz:A-8T_AJ1qB27534KFEvTnq2RYPt-e-7Nqbk12MTCAJg	2025-08-25 08:54:57.08015+00
\.


--
-- Data for Name: token_blacklist_blacklistedtoken; Type: TABLE DATA; Schema: public; Owner: admin
--

COPY public.token_blacklist_blacklistedtoken (id, blacklisted_at, token_id) FROM stdin;
\.


--
-- Data for Name: token_blacklist_outstandingtoken; Type: TABLE DATA; Schema: public; Owner: admin
--

COPY public.token_blacklist_outstandingtoken (id, token, created_at, expires_at, user_id, jti) FROM stdin;
\.


--
-- Name: auth_group_id_seq; Type: SEQUENCE SET; Schema: public; Owner: admin
--

SELECT pg_catalog.setval('public.auth_group_id_seq', 1, false);


--
-- Name: auth_group_permissions_id_seq; Type: SEQUENCE SET; Schema: public; Owner: admin
--

SELECT pg_catalog.setval('public.auth_group_permissions_id_seq', 1, false);


--
-- Name: auth_permission_id_seq; Type: SEQUENCE SET; Schema: public; Owner: admin
--

SELECT pg_catalog.setval('public.auth_permission_id_seq', 52, true);


--
-- Name: auth_user_groups_id_seq; Type: SEQUENCE SET; Schema: public; Owner: admin
--

SELECT pg_catalog.setval('public.auth_user_groups_id_seq', 1, false);


--
-- Name: auth_user_id_seq; Type: SEQUENCE SET; Schema: public; Owner: admin
--

SELECT pg_catalog.setval('public.auth_user_id_seq', 1, true);


--
-- Name: auth_user_user_permissions_id_seq; Type: SEQUENCE SET; Schema: public; Owner: admin
--

SELECT pg_catalog.setval('public.auth_user_user_permissions_id_seq', 1, false);


--
-- Name: collection_collection_id_seq; Type: SEQUENCE SET; Schema: public; Owner: admin
--

SELECT pg_catalog.setval('public.collection_collection_id_seq', 11, true);


--
-- Name: collection_collection_links_id_seq; Type: SEQUENCE SET; Schema: public; Owner: admin
--

SELECT pg_catalog.setval('public.collection_collection_links_id_seq', 27, true);


--
-- Name: collection_link_id_seq; Type: SEQUENCE SET; Schema: public; Owner: admin
--

SELECT pg_catalog.setval('public.collection_link_id_seq', 23, true);


--
-- Name: django_admin_log_id_seq; Type: SEQUENCE SET; Schema: public; Owner: admin
--

SELECT pg_catalog.setval('public.django_admin_log_id_seq', 22, true);


--
-- Name: django_content_type_id_seq; Type: SEQUENCE SET; Schema: public; Owner: admin
--

SELECT pg_catalog.setval('public.django_content_type_id_seq', 13, true);


--
-- Name: django_migrations_id_seq; Type: SEQUENCE SET; Schema: public; Owner: admin
--

SELECT pg_catalog.setval('public.django_migrations_id_seq', 37, true);


--
-- Name: token_blacklist_blacklistedtoken_id_seq; Type: SEQUENCE SET; Schema: public; Owner: admin
--

SELECT pg_catalog.setval('public.token_blacklist_blacklistedtoken_id_seq', 1, false);


--
-- Name: token_blacklist_outstandingtoken_id_seq; Type: SEQUENCE SET; Schema: public; Owner: admin
--

SELECT pg_catalog.setval('public.token_blacklist_outstandingtoken_id_seq', 1, false);


--
-- Name: auth_group auth_group_name_key; Type: CONSTRAINT; Schema: public; Owner: admin
--

ALTER TABLE ONLY public.auth_group
    ADD CONSTRAINT auth_group_name_key UNIQUE (name);


--
-- Name: auth_group_permissions auth_group_permissions_group_id_permission_id_0cd325b0_uniq; Type: CONSTRAINT; Schema: public; Owner: admin
--

ALTER TABLE ONLY public.auth_group_permissions
    ADD CONSTRAINT auth_group_permissions_group_id_permission_id_0cd325b0_uniq UNIQUE (group_id, permission_id);


--
-- Name: auth_group_permissions auth_group_permissions_pkey; Type: CONSTRAINT; Schema: public; Owner: admin
--

ALTER TABLE ONLY public.auth_group_permissions
    ADD CONSTRAINT auth_group_permissions_pkey PRIMARY KEY (id);


--
-- Name: auth_group auth_group_pkey; Type: CONSTRAINT; Schema: public; Owner: admin
--

ALTER TABLE ONLY public.auth_group
    ADD CONSTRAINT auth_group_pkey PRIMARY KEY (id);


--
-- Name: auth_permission auth_permission_content_type_id_codename_01ab375a_uniq; Type: CONSTRAINT; Schema: public; Owner: admin
--

ALTER TABLE ONLY public.auth_permission
    ADD CONSTRAINT auth_permission_content_type_id_codename_01ab375a_uniq UNIQUE (content_type_id, codename);


--
-- Name: auth_permission auth_permission_pkey; Type: CONSTRAINT; Schema: public; Owner: admin
--

ALTER TABLE ONLY public.auth_permission
    ADD CONSTRAINT auth_permission_pkey PRIMARY KEY (id);


--
-- Name: auth_user_groups auth_user_groups_pkey; Type: CONSTRAINT; Schema: public; Owner: admin
--

ALTER TABLE ONLY public.auth_user_groups
    ADD CONSTRAINT auth_user_groups_pkey PRIMARY KEY (id);


--
-- Name: auth_user_groups auth_user_groups_user_id_group_id_94350c0c_uniq; Type: CONSTRAINT; Schema: public; Owner: admin
--

ALTER TABLE ONLY public.auth_user_groups
    ADD CONSTRAINT auth_user_groups_user_id_group_id_94350c0c_uniq UNIQUE (user_id, group_id);


--
-- Name: auth_user auth_user_pkey; Type: CONSTRAINT; Schema: public; Owner: admin
--

ALTER TABLE ONLY public.auth_user
    ADD CONSTRAINT auth_user_pkey PRIMARY KEY (id);


--
-- Name: auth_user_user_permissions auth_user_user_permissions_pkey; Type: CONSTRAINT; Schema: public; Owner: admin
--

ALTER TABLE ONLY public.auth_user_user_permissions
    ADD CONSTRAINT auth_user_user_permissions_pkey PRIMARY KEY (id);


--
-- Name: auth_user_user_permissions auth_user_user_permissions_user_id_permission_id_14a6b632_uniq; Type: CONSTRAINT; Schema: public; Owner: admin
--

ALTER TABLE ONLY public.auth_user_user_permissions
    ADD CONSTRAINT auth_user_user_permissions_user_id_permission_id_14a6b632_uniq UNIQUE (user_id, permission_id);


--
-- Name: auth_user auth_user_username_key; Type: CONSTRAINT; Schema: public; Owner: admin
--

ALTER TABLE ONLY public.auth_user
    ADD CONSTRAINT auth_user_username_key UNIQUE (username);


--
-- Name: authtoken_token authtoken_token_pkey; Type: CONSTRAINT; Schema: public; Owner: admin
--

ALTER TABLE ONLY public.authtoken_token
    ADD CONSTRAINT authtoken_token_pkey PRIMARY KEY (key);


--
-- Name: authtoken_token authtoken_token_user_id_key; Type: CONSTRAINT; Schema: public; Owner: admin
--

ALTER TABLE ONLY public.authtoken_token
    ADD CONSTRAINT authtoken_token_user_id_key UNIQUE (user_id);


--
-- Name: collection_collection_links collection_collection_links_collection_id_link_id_99d0fc01_uniq; Type: CONSTRAINT; Schema: public; Owner: admin
--

ALTER TABLE ONLY public.collection_collection_links
    ADD CONSTRAINT collection_collection_links_collection_id_link_id_99d0fc01_uniq UNIQUE (collection_id, link_id);


--
-- Name: collection_collection_links collection_collection_links_pkey; Type: CONSTRAINT; Schema: public; Owner: admin
--

ALTER TABLE ONLY public.collection_collection_links
    ADD CONSTRAINT collection_collection_links_pkey PRIMARY KEY (id);


--
-- Name: collection_collection collection_collection_name_0d06271d_uniq; Type: CONSTRAINT; Schema: public; Owner: admin
--

ALTER TABLE ONLY public.collection_collection
    ADD CONSTRAINT collection_collection_name_0d06271d_uniq UNIQUE (name);


--
-- Name: collection_collection collection_collection_pkey; Type: CONSTRAINT; Schema: public; Owner: admin
--

ALTER TABLE ONLY public.collection_collection
    ADD CONSTRAINT collection_collection_pkey PRIMARY KEY (id);


--
-- Name: collection_link collection_link_pkey; Type: CONSTRAINT; Schema: public; Owner: admin
--

ALTER TABLE ONLY public.collection_link
    ADD CONSTRAINT collection_link_pkey PRIMARY KEY (id);


--
-- Name: collection_link collection_link_url_11a9502f_uniq; Type: CONSTRAINT; Schema: public; Owner: admin
--

ALTER TABLE ONLY public.collection_link
    ADD CONSTRAINT collection_link_url_11a9502f_uniq UNIQUE (url);


--
-- Name: debug_toolbar_historyentry debug_toolbar_historyentry_pkey; Type: CONSTRAINT; Schema: public; Owner: admin
--

ALTER TABLE ONLY public.debug_toolbar_historyentry
    ADD CONSTRAINT debug_toolbar_historyentry_pkey PRIMARY KEY (request_id);


--
-- Name: django_admin_log django_admin_log_pkey; Type: CONSTRAINT; Schema: public; Owner: admin
--

ALTER TABLE ONLY public.django_admin_log
    ADD CONSTRAINT django_admin_log_pkey PRIMARY KEY (id);


--
-- Name: django_content_type django_content_type_app_label_model_76bd3d3b_uniq; Type: CONSTRAINT; Schema: public; Owner: admin
--

ALTER TABLE ONLY public.django_content_type
    ADD CONSTRAINT django_content_type_app_label_model_76bd3d3b_uniq UNIQUE (app_label, model);


--
-- Name: django_content_type django_content_type_pkey; Type: CONSTRAINT; Schema: public; Owner: admin
--

ALTER TABLE ONLY public.django_content_type
    ADD CONSTRAINT django_content_type_pkey PRIMARY KEY (id);


--
-- Name: django_migrations django_migrations_pkey; Type: CONSTRAINT; Schema: public; Owner: admin
--

ALTER TABLE ONLY public.django_migrations
    ADD CONSTRAINT django_migrations_pkey PRIMARY KEY (id);


--
-- Name: django_session django_session_pkey; Type: CONSTRAINT; Schema: public; Owner: admin
--

ALTER TABLE ONLY public.django_session
    ADD CONSTRAINT django_session_pkey PRIMARY KEY (session_key);


--
-- Name: token_blacklist_blacklistedtoken token_blacklist_blacklistedtoken_pkey; Type: CONSTRAINT; Schema: public; Owner: admin
--

ALTER TABLE ONLY public.token_blacklist_blacklistedtoken
    ADD CONSTRAINT token_blacklist_blacklistedtoken_pkey PRIMARY KEY (id);


--
-- Name: token_blacklist_blacklistedtoken token_blacklist_blacklistedtoken_token_id_key; Type: CONSTRAINT; Schema: public; Owner: admin
--

ALTER TABLE ONLY public.token_blacklist_blacklistedtoken
    ADD CONSTRAINT token_blacklist_blacklistedtoken_token_id_key UNIQUE (token_id);


--
-- Name: token_blacklist_outstandingtoken token_blacklist_outstandingtoken_jti_hex_d9bdf6f7_uniq; Type: CONSTRAINT; Schema: public; Owner: admin
--

ALTER TABLE ONLY public.token_blacklist_outstandingtoken
    ADD CONSTRAINT token_blacklist_outstandingtoken_jti_hex_d9bdf6f7_uniq UNIQUE (jti);


--
-- Name: token_blacklist_outstandingtoken token_blacklist_outstandingtoken_pkey; Type: CONSTRAINT; Schema: public; Owner: admin
--

ALTER TABLE ONLY public.token_blacklist_outstandingtoken
    ADD CONSTRAINT token_blacklist_outstandingtoken_pkey PRIMARY KEY (id);


--
-- Name: auth_group_name_a6ea08ec_like; Type: INDEX; Schema: public; Owner: admin
--

CREATE INDEX auth_group_name_a6ea08ec_like ON public.auth_group USING btree (name varchar_pattern_ops);


--
-- Name: auth_group_permissions_group_id_b120cbf9; Type: INDEX; Schema: public; Owner: admin
--

CREATE INDEX auth_group_permissions_group_id_b120cbf9 ON public.auth_group_permissions USING btree (group_id);


--
-- Name: auth_group_permissions_permission_id_84c5c92e; Type: INDEX; Schema: public; Owner: admin
--

CREATE INDEX auth_group_permissions_permission_id_84c5c92e ON public.auth_group_permissions USING btree (permission_id);


--
-- Name: auth_permission_content_type_id_2f476e4b; Type: INDEX; Schema: public; Owner: admin
--

CREATE INDEX auth_permission_content_type_id_2f476e4b ON public.auth_permission USING btree (content_type_id);


--
-- Name: auth_user_groups_group_id_97559544; Type: INDEX; Schema: public; Owner: admin
--

CREATE INDEX auth_user_groups_group_id_97559544 ON public.auth_user_groups USING btree (group_id);


--
-- Name: auth_user_groups_user_id_6a12ed8b; Type: INDEX; Schema: public; Owner: admin
--

CREATE INDEX auth_user_groups_user_id_6a12ed8b ON public.auth_user_groups USING btree (user_id);


--
-- Name: auth_user_user_permissions_permission_id_1fbb5f2c; Type: INDEX; Schema: public; Owner: admin
--

CREATE INDEX auth_user_user_permissions_permission_id_1fbb5f2c ON public.auth_user_user_permissions USING btree (permission_id);


--
-- Name: auth_user_user_permissions_user_id_a95ead1b; Type: INDEX; Schema: public; Owner: admin
--

CREATE INDEX auth_user_user_permissions_user_id_a95ead1b ON public.auth_user_user_permissions USING btree (user_id);


--
-- Name: auth_user_username_6821ab7c_like; Type: INDEX; Schema: public; Owner: admin
--

CREATE INDEX auth_user_username_6821ab7c_like ON public.auth_user USING btree (username varchar_pattern_ops);


--
-- Name: authtoken_token_key_10f0b77e_like; Type: INDEX; Schema: public; Owner: admin
--

CREATE INDEX authtoken_token_key_10f0b77e_like ON public.authtoken_token USING btree (key varchar_pattern_ops);


--
-- Name: collection_collection_links_collection_id_835e3632; Type: INDEX; Schema: public; Owner: admin
--

CREATE INDEX collection_collection_links_collection_id_835e3632 ON public.collection_collection_links USING btree (collection_id);


--
-- Name: collection_collection_links_link_id_73d3328a; Type: INDEX; Schema: public; Owner: admin
--

CREATE INDEX collection_collection_links_link_id_73d3328a ON public.collection_collection_links USING btree (link_id);


--
-- Name: collection_collection_name_0d06271d_like; Type: INDEX; Schema: public; Owner: admin
--

CREATE INDEX collection_collection_name_0d06271d_like ON public.collection_collection USING btree (name varchar_pattern_ops);


--
-- Name: collection_link_url_11a9502f_like; Type: INDEX; Schema: public; Owner: admin
--

CREATE INDEX collection_link_url_11a9502f_like ON public.collection_link USING btree (url varchar_pattern_ops);


--
-- Name: django_admin_log_content_type_id_c4bce8eb; Type: INDEX; Schema: public; Owner: admin
--

CREATE INDEX django_admin_log_content_type_id_c4bce8eb ON public.django_admin_log USING btree (content_type_id);


--
-- Name: django_admin_log_user_id_c564eba6; Type: INDEX; Schema: public; Owner: admin
--

CREATE INDEX django_admin_log_user_id_c564eba6 ON public.django_admin_log USING btree (user_id);


--
-- Name: django_session_expire_date_a5c62663; Type: INDEX; Schema: public; Owner: admin
--

CREATE INDEX django_session_expire_date_a5c62663 ON public.django_session USING btree (expire_date);


--
-- Name: django_session_session_key_c0390e0f_like; Type: INDEX; Schema: public; Owner: admin
--

CREATE INDEX django_session_session_key_c0390e0f_like ON public.django_session USING btree (session_key varchar_pattern_ops);


--
-- Name: token_blacklist_outstandingtoken_jti_hex_d9bdf6f7_like; Type: INDEX; Schema: public; Owner: admin
--

CREATE INDEX token_blacklist_outstandingtoken_jti_hex_d9bdf6f7_like ON public.token_blacklist_outstandingtoken USING btree (jti varchar_pattern_ops);


--
-- Name: token_blacklist_outstandingtoken_user_id_83bc629a; Type: INDEX; Schema: public; Owner: admin
--

CREATE INDEX token_blacklist_outstandingtoken_user_id_83bc629a ON public.token_blacklist_outstandingtoken USING btree (user_id);


--
-- Name: auth_group_permissions auth_group_permissio_permission_id_84c5c92e_fk_auth_perm; Type: FK CONSTRAINT; Schema: public; Owner: admin
--

ALTER TABLE ONLY public.auth_group_permissions
    ADD CONSTRAINT auth_group_permissio_permission_id_84c5c92e_fk_auth_perm FOREIGN KEY (permission_id) REFERENCES public.auth_permission(id) DEFERRABLE INITIALLY DEFERRED;


--
-- Name: auth_group_permissions auth_group_permissions_group_id_b120cbf9_fk_auth_group_id; Type: FK CONSTRAINT; Schema: public; Owner: admin
--

ALTER TABLE ONLY public.auth_group_permissions
    ADD CONSTRAINT auth_group_permissions_group_id_b120cbf9_fk_auth_group_id FOREIGN KEY (group_id) REFERENCES public.auth_group(id) DEFERRABLE INITIALLY DEFERRED;


--
-- Name: auth_permission auth_permission_content_type_id_2f476e4b_fk_django_co; Type: FK CONSTRAINT; Schema: public; Owner: admin
--

ALTER TABLE ONLY public.auth_permission
    ADD CONSTRAINT auth_permission_content_type_id_2f476e4b_fk_django_co FOREIGN KEY (content_type_id) REFERENCES public.django_content_type(id) DEFERRABLE INITIALLY DEFERRED;


--
-- Name: auth_user_groups auth_user_groups_group_id_97559544_fk_auth_group_id; Type: FK CONSTRAINT; Schema: public; Owner: admin
--

ALTER TABLE ONLY public.auth_user_groups
    ADD CONSTRAINT auth_user_groups_group_id_97559544_fk_auth_group_id FOREIGN KEY (group_id) REFERENCES public.auth_group(id) DEFERRABLE INITIALLY DEFERRED;


--
-- Name: auth_user_groups auth_user_groups_user_id_6a12ed8b_fk_auth_user_id; Type: FK CONSTRAINT; Schema: public; Owner: admin
--

ALTER TABLE ONLY public.auth_user_groups
    ADD CONSTRAINT auth_user_groups_user_id_6a12ed8b_fk_auth_user_id FOREIGN KEY (user_id) REFERENCES public.auth_user(id) DEFERRABLE INITIALLY DEFERRED;


--
-- Name: auth_user_user_permissions auth_user_user_permi_permission_id_1fbb5f2c_fk_auth_perm; Type: FK CONSTRAINT; Schema: public; Owner: admin
--

ALTER TABLE ONLY public.auth_user_user_permissions
    ADD CONSTRAINT auth_user_user_permi_permission_id_1fbb5f2c_fk_auth_perm FOREIGN KEY (permission_id) REFERENCES public.auth_permission(id) DEFERRABLE INITIALLY DEFERRED;


--
-- Name: auth_user_user_permissions auth_user_user_permissions_user_id_a95ead1b_fk_auth_user_id; Type: FK CONSTRAINT; Schema: public; Owner: admin
--

ALTER TABLE ONLY public.auth_user_user_permissions
    ADD CONSTRAINT auth_user_user_permissions_user_id_a95ead1b_fk_auth_user_id FOREIGN KEY (user_id) REFERENCES public.auth_user(id) DEFERRABLE INITIALLY DEFERRED;


--
-- Name: authtoken_token authtoken_token_user_id_35299eff_fk_auth_user_id; Type: FK CONSTRAINT; Schema: public; Owner: admin
--

ALTER TABLE ONLY public.authtoken_token
    ADD CONSTRAINT authtoken_token_user_id_35299eff_fk_auth_user_id FOREIGN KEY (user_id) REFERENCES public.auth_user(id) DEFERRABLE INITIALLY DEFERRED;


--
-- Name: collection_collection_links collection_collectio_collection_id_835e3632_fk_collectio; Type: FK CONSTRAINT; Schema: public; Owner: admin
--

ALTER TABLE ONLY public.collection_collection_links
    ADD CONSTRAINT collection_collectio_collection_id_835e3632_fk_collectio FOREIGN KEY (collection_id) REFERENCES public.collection_collection(id) DEFERRABLE INITIALLY DEFERRED;


--
-- Name: collection_collection_links collection_collectio_link_id_73d3328a_fk_collectio; Type: FK CONSTRAINT; Schema: public; Owner: admin
--

ALTER TABLE ONLY public.collection_collection_links
    ADD CONSTRAINT collection_collectio_link_id_73d3328a_fk_collectio FOREIGN KEY (link_id) REFERENCES public.collection_link(id) DEFERRABLE INITIALLY DEFERRED;


--
-- Name: django_admin_log django_admin_log_content_type_id_c4bce8eb_fk_django_co; Type: FK CONSTRAINT; Schema: public; Owner: admin
--

ALTER TABLE ONLY public.django_admin_log
    ADD CONSTRAINT django_admin_log_content_type_id_c4bce8eb_fk_django_co FOREIGN KEY (content_type_id) REFERENCES public.django_content_type(id) DEFERRABLE INITIALLY DEFERRED;


--
-- Name: django_admin_log django_admin_log_user_id_c564eba6_fk_auth_user_id; Type: FK CONSTRAINT; Schema: public; Owner: admin
--

ALTER TABLE ONLY public.django_admin_log
    ADD CONSTRAINT django_admin_log_user_id_c564eba6_fk_auth_user_id FOREIGN KEY (user_id) REFERENCES public.auth_user(id) DEFERRABLE INITIALLY DEFERRED;


--
-- Name: token_blacklist_blacklistedtoken token_blacklist_blacklistedtoken_token_id_3cc7fe56_fk; Type: FK CONSTRAINT; Schema: public; Owner: admin
--

ALTER TABLE ONLY public.token_blacklist_blacklistedtoken
    ADD CONSTRAINT token_blacklist_blacklistedtoken_token_id_3cc7fe56_fk FOREIGN KEY (token_id) REFERENCES public.token_blacklist_outstandingtoken(id) DEFERRABLE INITIALLY DEFERRED;


--
-- Name: token_blacklist_outstandingtoken token_blacklist_outs_user_id_83bc629a_fk_auth_user; Type: FK CONSTRAINT; Schema: public; Owner: admin
--

ALTER TABLE ONLY public.token_blacklist_outstandingtoken
    ADD CONSTRAINT token_blacklist_outs_user_id_83bc629a_fk_auth_user FOREIGN KEY (user_id) REFERENCES public.auth_user(id) DEFERRABLE INITIALLY DEFERRED;


--
-- PostgreSQL database dump complete
--

